id,first_name,last_name,email,country,ip_address
1,Brandon,Stewart,bstewart0@ehow.com,Argentina,222.228.154.167
2,Clarence,Wilson,cwilson1@miitbeian.gov.cn,Indonesia,31.109.98.232
3,Judith,Kelly,jkelly2@e-recht24.de,Ukraine,131.133.9.37
4,Alan,Brown,abrown3@slideshare.net,Norway,129.130.37.80
5,Willie,Kelley,wkelley4@moonfruit.com,China,159.101.184.117
6,Janice,Dixon,jdixon5@a8.net,Ireland,8.22.197.45
7,Rachel,Bell,rbell6@hexun.com,China,228.127.90.194
8,Harry,Franklin,hfranklin7@bravesites.com,Sweden,177.26.108.201
9,Gary,Nelson,gnelson8@typepad.com,Sweden,241.191.168.91
10,Lillian,Johnson,ljohnson9@ftc.gov,France,150.147.24.136
11,Ann,Hayes,ahayesa@jigsy.com,Colombia,141.250.43.17
12,Carol,Howard,chowardb@mlb.com,Azerbaijan,46.117.189.36
13,Elizabeth,Rogers,erogersc@cnet.com,Thailand,185.31.192.51
14,Harry,Washington,hwashingtond@reverbnation.com,France,146.205.96.184
15,George,Gonzalez,ggonzaleze@arstechnica.com,Indonesia,119.70.65.195
16,Samuel,Taylor,staylorf@com.com,Philippines,49.143.209.219
17,Rose,Gonzales,rgonzalesg@blinklist.com,Mauritius,252.166.66.130
18,Phyllis,Gray,pgrayh@webmd.com,China,32.25.236.27
19,Harold,Hernandez,hhernandezi@oracle.com,China,9.115.99.58
20,Rebecca,Elliott,relliottj@jigsy.com,China,83.78.50.3
21,Earl,Medina,emedinak@alexa.com,China,231.102.141.249
22,Timothy,Hudson,thudsonl@sohu.com,Ukraine,109.57.68.18
23,Brandon,Castillo,bcastillom@bizjournals.com,Norway,120.44.110.219
24,Annie,Martin,amartinn@about.com,Russia,12.68.4.161
25,Mildred,Tucker,mtuckero@sun.com,Portugal,135.27.211.112
26,Joseph,Freeman,jfreemanp@forbes.com,Japan,15.161.19.61
27,Jacqueline,Dunn,jdunnq@ucoz.ru,Sweden,20.142.89.225
28,Nicole,Phillips,nphillipsr@admin.ch,Serbia,126.115.177.140
29,Kenneth,Edwards,kedwardss@chron.com,China,77.249.210.84
30,Maria,Williamson,mwilliamsont@google.de,Mexico,249.218.17.32
31,Craig,Hernandez,chernandezu@auda.org.au,Slovenia,71.84.9.13
32,Willie,Brooks,wbrooksv@mozilla.com,China,34.151.247.193
33,Karen,Bell,kbellw@cbslocal.com,China,46.142.153.174
34,Dorothy,Coleman,dcolemanx@hc360.com,Kazakhstan,16.215.199.20
35,Lori,Ross,lrossy@rediff.com,Tanzania,137.231.180.215
36,Emily,Welch,ewelchz@cdc.gov,Ukraine,96.147.214.215
37,Raymond,Morgan,rmorgan10@china.com.cn,Armenia,164.248.95.30
38,Jose,Martin,jmartin11@mapquest.com,Brazil,71.193.11.125
39,Anne,Baker,abaker12@stumbleupon.com,Colombia,81.193.21.26
40,Scott,Reyes,sreyes13@pcworld.com,China,142.45.124.241
41,Scott,Peters,speters14@youku.com,Mexico,155.253.67.139
42,Ann,Flores,aflores15@slashdot.org,Indonesia,143.216.119.31
43,Howard,Jackson,hjackson16@360.cn,United States,23.135.120.139
44,Heather,Stewart,hstewart17@yelp.com,China,169.21.181.253
45,Shawn,Moreno,smoreno18@live.com,Cyprus,204.89.108.61
46,Fred,Kennedy,fkennedy19@jugem.jp,China,55.157.26.74
47,Lori,Mason,lmason1a@tinypic.com,Colombia,125.150.233.183
48,Jose,Schmidt,jschmidt1b@bbc.co.uk,Mongolia,244.113.157.86
49,Jean,Greene,jgreene1c@barnesandnoble.com,Ukraine,24.248.253.151
50,Brandon,Jacobs,bjacobs1d@soup.io,Philippines,112.49.23.157
51,Anna,Russell,arussell1e@cnet.com,Philippines,11.128.254.83
52,Daniel,Little,dlittle1f@reverbnation.com,Russia,220.107.46.242
53,Wayne,Kelly,wkelly1g@cbsnews.com,Russia,182.65.67.254
54,Wanda,Garza,wgarza1h@wp.com,Jordan,226.139.71.19
55,Nicole,Gonzalez,ngonzalez1i@cpanel.net,Estonia,109.189.245.225
56,Theresa,Burke,tburke1j@reverbnation.com,Indonesia,7.193.78.243
57,Melissa,Moreno,mmoreno1k@marketwatch.com,Russia,164.230.2.176
58,Ann,Knight,aknight1l@ow.ly,United States,55.175.155.101
59,Jacqueline,Snyder,jsnyder1m@quantcast.com,France,214.87.156.175
60,Jerry,Coleman,jcoleman1n@privacy.gov.au,China,123.39.97.11
61,Carlos,Elliott,celliott1o@ifeng.com,Sweden,136.29.170.181
62,Donald,Fisher,dfisher1p@merriam-webster.com,China,139.36.110.173
63,Joe,Castillo,jcastillo1q@samsung.com,China,109.10.148.112
64,Christina,Cole,ccole1r@wikimedia.org,Uganda,108.179.168.88
65,Marilyn,Hughes,mhughes1s@goo.ne.jp,Palestinian Territory,146.206.39.73
66,Jimmy,Long,jlong1t@barnesandnoble.com,Taiwan,106.92.138.159
67,Wayne,Harper,wharper1u@last.fm,Sweden,236.182.209.132
68,Charles,Bowman,cbowman1v@hostgator.com,Brazil,28.212.63.138
69,Tammy,Mendoza,tmendoza1w@walmart.com,Ukraine,60.26.74.129
70,Anna,Wheeler,awheeler1x@tiny.cc,Italy,88.56.199.57
71,Amanda,Harvey,aharvey1y@ocn.ne.jp,Cuba,104.83.249.199
72,Fred,Kelly,fkelly1z@miibeian.gov.cn,Burkina Faso,83.175.33.63
73,Bruce,Martinez,bmartinez20@va.gov,Indonesia,177.39.137.253
74,Julia,Pierce,jpierce21@de.vu,Mexico,121.8.169.35
75,Alice,Thompson,athompson22@wordpress.org,Switzerland,85.9.144.228
76,Randy,Jenkins,rjenkins23@deliciousdays.com,Philippines,124.111.181.26
77,Sandra,Stevens,sstevens24@edublogs.org,Myanmar,65.19.20.6
78,Adam,Carter,acarter25@newsvine.com,Greece,206.36.126.35
79,Linda,Washington,lwashington26@wix.com,Bulgaria,42.146.210.23
80,Marilyn,Allen,mallen27@pbs.org,Argentina,244.95.88.213
81,Amanda,Moore,amoore28@utexas.edu,Canada,119.179.130.230
82,Larry,Burns,lburns29@ustream.tv,China,43.166.140.44
83,Betty,Riley,briley2a@barnesandnoble.com,Cameroon,243.231.179.113
84,Patrick,Green,pgreen2b@cnet.com,France,57.145.246.201
85,Marie,Rivera,mrivera2c@geocities.jp,Brazil,115.196.249.194
86,Raymond,Ferguson,rferguson2d@photobucket.com,Belarus,61.178.43.80
87,Earl,Jordan,ejordan2e@ycombinator.com,China,72.53.106.70
88,Ralph,Ortiz,rortiz2f@answers.com,Indonesia,133.97.11.20
89,Russell,Hamilton,rhamilton2g@google.es,Indonesia,119.0.161.63
90,Joseph,Brooks,jbrooks2h@ning.com,Peru,93.66.170.151
91,Billy,Shaw,bshaw2i@cnbc.com,China,187.223.71.138
92,Anthony,Matthews,amatthews2j@facebook.com,Israel,47.25.234.14
93,Gerald,Stevens,gstevens2k@ed.gov,Israel,29.205.222.7
94,George,Cruz,gcruz2l@flickr.com,Indonesia,119.80.72.13
95,Johnny,Howell,jhowell2m@163.com,Indonesia,247.107.73.197
96,Daniel,Martin,dmartin2n@pagesperso-orange.fr,Colombia,58.185.141.164
97,Louis,Harvey,lharvey2o@europa.eu,China,218.54.42.62
98,Judy,Powell,jpowell2p@stumbleupon.com,China,130.144.82.82
99,Nicole,Hill,nhill2q@mozilla.com,Saudi Arabia,247.154.12.189
100,Robin,Fowler,rfowler2r@delicious.com,Kazakhstan,113.89.226.101
101,Jessica,Bryant,jbryant2s@themeforest.net,Indonesia,35.89.53.189
102,Shawn,Williams,swilliams2t@google.pl,China,207.154.75.23
103,Jacqueline,Medina,jmedina2u@163.com,Poland,131.19.193.208
104,Keith,Austin,kaustin2v@engadget.com,Russia,226.109.80.253
105,Roger,Phillips,rphillips2w@simplemachines.org,China,177.112.14.241
106,Samuel,Turner,sturner2x@jugem.jp,Ukraine,70.242.237.8
107,Paula,Kelly,pkelly2y@theguardian.com,Indonesia,118.32.59.151
108,Paul,Hayes,phayes2z@twitter.com,Pakistan,162.119.231.69
109,Nancy,Gutierrez,ngutierrez30@ucsd.edu,Brazil,215.189.7.22
110,Alan,Reynolds,areynolds31@army.mil,Honduras,188.147.194.83
111,Samuel,Elliott,selliott32@bbb.org,France,237.152.160.254
112,Debra,Hansen,dhansen33@multiply.com,Nicaragua,144.75.121.216
113,Annie,King,aking34@parallels.com,Russia,67.183.138.237
114,Sandra,Tucker,stucker35@discuz.net,Canada,57.158.197.154
115,Teresa,Stephens,tstephens36@123-reg.co.uk,China,47.73.49.192
116,Sarah,Lopez,slopez37@issuu.com,China,96.195.128.47
117,Elizabeth,Wagner,ewagner38@goo.gl,Vietnam,69.19.7.250
118,Phillip,Rodriguez,prodriguez39@360.cn,Belarus,48.69.231.152
119,Randy,Castillo,rcastillo3a@yahoo.co.jp,China,13.96.83.201
120,Emily,Rivera,erivera3b@lulu.com,China,190.26.14.148
121,Juan,Shaw,jshaw3c@google.pl,Zambia,130.144.5.61
122,Sara,Meyer,smeyer3d@rambler.ru,Egypt,82.33.183.202
123,Jerry,Fields,jfields3e@boston.com,South Africa,71.26.219.200
124,Stephanie,Castillo,scastillo3f@elegantthemes.com,China,202.108.65.6
125,Virginia,Mendoza,vmendoza3g@blogtalkradio.com,China,144.208.132.60
126,Jose,Watson,jwatson3h@spiegel.de,China,180.55.17.93
127,Stephen,Rogers,srogers3i@independent.co.uk,Philippines,100.100.115.7
128,Alice,Carroll,acarroll3j@goo.ne.jp,Greece,158.183.181.193
129,John,Gardner,jgardner3k@de.vu,Nigeria,230.141.162.121
130,James,Lopez,jlopez3l@clickbank.net,China,54.21.38.102
131,Amanda,Russell,arussell3m@parallels.com,China,0.226.162.193
132,Randy,Frazier,rfrazier3n@twitpic.com,Morocco,86.159.18.68
133,Douglas,Turner,dturner3o@aol.com,France,23.244.162.234
134,Jennifer,Perez,jperez3p@huffingtonpost.com,Palestinian Territory,123.110.115.108
135,Kathryn,Wright,kwright3q@51.la,Poland,185.28.23.145
136,Rebecca,Franklin,rfranklin3r@vinaora.com,China,194.108.121.199
137,Kevin,Boyd,kboyd3s@moonfruit.com,Sweden,144.166.217.51
138,Howard,Greene,hgreene3t@businesswire.com,Nigeria,28.48.68.48
139,Patrick,Kim,pkim3u@miibeian.gov.cn,Indonesia,33.164.144.203
140,Patricia,Myers,pmyers3v@reuters.com,Indonesia,48.164.67.22
141,Betty,Thomas,bthomas3w@paypal.com,Croatia,127.62.160.208
142,Jason,Owens,jowens3x@plala.or.jp,Indonesia,4.140.170.186
143,Steve,Bennett,sbennett3y@flavors.me,Ukraine,38.11.189.52
144,Justin,Riley,jriley3z@pagesperso-orange.fr,Indonesia,122.84.199.79
145,Joshua,Coleman,jcoleman40@wordpress.org,Greece,204.230.118.154
146,Irene,Griffin,igriffin41@netscape.com,United States,139.158.62.37
147,James,Rogers,jrogers42@geocities.jp,China,49.201.55.163
148,Lawrence,White,lwhite43@mozilla.org,Philippines,2.25.58.42
149,Emily,Perry,eperry44@tiny.cc,China,79.124.190.245
150,Linda,Davis,ldavis45@springer.com,Serbia,170.185.110.102
151,Laura,Romero,lromero46@state.gov,China,98.190.37.158
152,Richard,Johnson,rjohnson47@newsvine.com,China,23.148.169.37
153,Gary,Johnson,gjohnson48@ow.ly,Portugal,110.72.174.231
154,Lois,Duncan,lduncan49@mashable.com,China,62.27.95.213
155,Ralph,Mills,rmills4a@biblegateway.com,Gambia,165.137.166.220
156,Emily,Torres,etorres4b@com.com,Nigeria,162.104.12.163
157,Kathleen,Jacobs,kjacobs4c@china.com.cn,Brazil,194.97.24.169
158,Howard,Griffin,hgriffin4d@webnode.com,Indonesia,103.197.87.2
159,Brenda,Rose,brose4e@sun.com,Iraq,45.127.108.222
160,Kelly,Moreno,kmoreno4f@phpbb.com,Latvia,121.130.86.67
161,Sharon,Gonzalez,sgonzalez4g@bloglovin.com,North Korea,112.38.164.92
162,Barbara,Dean,bdean4h@mac.com,Brazil,117.92.234.122
163,Phyllis,Harrison,pharrison4i@addtoany.com,Slovenia,41.25.44.139
164,Susan,Clark,sclark4j@imgur.com,Indonesia,76.7.24.8
165,Anne,Hughes,ahughes4k@ebay.co.uk,Czech Republic,142.4.240.201
166,Raymond,Henderson,rhenderson4l@princeton.edu,Greece,61.133.101.15
167,Martin,Stevens,mstevens4m@pen.io,China,65.191.143.236
168,Annie,Williams,awilliams4n@taobao.com,Iceland,168.202.78.135
169,Joseph,Carpenter,jcarpenter4o@shareasale.com,Somalia,180.124.66.208
170,Bonnie,Torres,btorres4p@squidoo.com,Philippines,58.239.67.12
171,Emily,Jones,ejones4q@blogs.com,China,61.247.16.174
172,Wayne,Kelly,wkelly4r@slashdot.org,China,172.182.60.252
173,Tina,Martin,tmartin4s@examiner.com,Sudan,20.9.107.121
174,Albert,Chavez,achavez4t@about.com,Indonesia,104.155.39.15
175,Jason,Marshall,jmarshall4u@imdb.com,China,182.223.23.200
176,Alan,Knight,aknight4v@mashable.com,Portugal,94.247.116.201
177,Tina,Riley,triley4w@youku.com,Peru,55.1.192.170
178,Victor,Freeman,vfreeman4x@engadget.com,Malaysia,8.135.249.18
179,Eric,Bennett,ebennett4y@youtube.com,Nicaragua,154.161.28.141
180,Evelyn,West,ewest4z@google.fr,Argentina,139.158.55.25
181,Deborah,Barnes,dbarnes50@auda.org.au,Armenia,253.138.30.182
182,Lisa,Diaz,ldiaz51@godaddy.com,United States,31.202.233.26
183,Diane,Marshall,dmarshall52@timesonline.co.uk,Indonesia,221.60.158.184
184,Betty,Chavez,bchavez53@epa.gov,United States,109.187.3.58
185,Phyllis,Crawford,pcrawford54@imageshack.us,South Sudan,188.75.5.225
186,Joe,Peters,jpeters55@homestead.com,China,81.216.220.161
187,Clarence,Peters,cpeters56@google.co.jp,China,224.199.36.203
188,Jacqueline,Jacobs,jjacobs57@macromedia.com,Poland,245.236.99.153
189,Louis,Rice,lrice58@ucsd.edu,Indonesia,149.28.120.169
190,Barbara,Sullivan,bsullivan59@oracle.com,Norway,217.212.191.139
191,Martin,Grant,mgrant5a@prnewswire.com,Sweden,221.135.170.93
192,Judith,Freeman,jfreeman5b@hud.gov,Cuba,58.244.128.205
193,Denise,Duncan,dduncan5c@flavors.me,Indonesia,142.35.59.87
194,Kelly,Williams,kwilliams5d@linkedin.com,China,196.156.101.139
195,Brenda,Jacobs,bjacobs5e@independent.co.uk,Nigeria,81.75.10.13
196,Deborah,Williamson,dwilliamson5f@qq.com,China,185.161.240.13
197,Karen,Fowler,kfowler5g@prweb.com,China,149.97.73.108
198,Eric,Parker,eparker5h@vk.com,Tunisia,113.23.81.14
199,Shirley,Stewart,sstewart5i@businessweek.com,Russia,87.43.185.128
200,Ann,Lane,alane5j@microsoft.com,Bangladesh,208.40.80.153
201,David,Matthews,dmatthews5k@seattletimes.com,Russia,115.18.70.97
202,Norma,Pierce,npierce5l@moonfruit.com,China,203.178.18.130
203,Carolyn,Woods,cwoods5m@cargocollective.com,Serbia,239.250.160.155
204,Louis,Gonzalez,lgonzalez5n@arstechnica.com,Canada,150.119.178.149
205,Michael,Griffin,mgriffin5o@infoseek.co.jp,Bolivia,227.231.19.165
206,Kathleen,Gonzales,kgonzales5p@gizmodo.com,Portugal,145.47.193.181
207,Helen,Ward,hward5q@cpanel.net,China,187.108.153.162
208,Amanda,Woods,awoods5r@netvibes.com,Greece,87.221.31.32
209,Steven,Fuller,sfuller5s@nhs.uk,Uzbekistan,187.164.99.222
210,Jonathan,Morrison,jmorrison5t@wired.com,Philippines,192.248.252.4
211,Roger,Torres,rtorres5u@timesonline.co.uk,Palestinian Territory,76.38.94.186
212,Albert,Morgan,amorgan5v@theguardian.com,Russia,76.146.161.68
213,Terry,Warren,twarren5w@ucsd.edu,Philippines,244.205.15.104
214,Heather,Nelson,hnelson5x@home.pl,Palestinian Territory,63.135.221.190
215,Helen,Peters,hpeters5y@prweb.com,China,42.227.245.214
216,Lois,Carroll,lcarroll5z@imgur.com,Greece,104.243.12.159
217,Albert,Armstrong,aarmstrong60@amazon.co.jp,Brazil,78.13.124.148
218,Michelle,Lynch,mlynch61@hubpages.com,Sweden,30.155.86.103
219,Catherine,Clark,cclark62@vimeo.com,Guatemala,61.51.76.171
220,Howard,Kelly,hkelly63@slashdot.org,Ireland,238.6.118.41
221,Carl,Grant,cgrant64@weather.com,China,136.39.178.196
222,Antonio,Nelson,anelson65@utexas.edu,Sweden,160.31.230.28
223,Patrick,Kim,pkim66@angelfire.com,Iran,165.196.220.5
224,Carolyn,Thomas,cthomas67@princeton.edu,France,247.178.25.62
225,Phyllis,Gibson,pgibson68@google.com.br,Malta,40.184.119.62
226,Deborah,Wagner,dwagner69@nasa.gov,Vietnam,149.134.165.150
227,Pamela,Warren,pwarren6a@addthis.com,China,106.110.91.254
228,Robin,Webb,rwebb6b@altervista.org,Peru,60.253.212.250
229,Shirley,Edwards,sedwards6c@mac.com,Marshall Islands,145.62.231.235
230,James,Brown,jbrown6d@hud.gov,French Polynesia,58.37.115.223
231,Dorothy,Walker,dwalker6e@umn.edu,Bangladesh,123.11.161.78
232,Irene,Jenkins,ijenkins6f@tripod.com,Cameroon,0.157.96.82
233,Mark,Cox,mcox6g@theguardian.com,China,103.187.169.169
234,Joyce,Hicks,jhicks6h@lulu.com,Senegal,63.73.1.92
235,Beverly,Sims,bsims6i@springer.com,Honduras,101.25.137.108
236,Mark,Adams,madams6j@cbsnews.com,Indonesia,80.68.127.204
237,Joseph,Garcia,jgarcia6k@surveymonkey.com,Sint Maarten,24.12.106.112
238,Steve,Carr,scarr6l@gmpg.org,China,223.113.53.159
239,Joyce,Diaz,jdiaz6m@columbia.edu,Poland,198.206.173.247
240,Pamela,Clark,pclark6n@cbc.ca,Poland,63.190.89.221
241,Ann,Hanson,ahanson6o@pagesperso-orange.fr,Canada,176.217.61.231
242,Rachel,Weaver,rweaver6p@businessweek.com,China,67.213.217.63
243,Rose,Sanchez,rsanchez6q@tripadvisor.com,Indonesia,198.138.169.212
244,Virginia,Jackson,vjackson6r@reuters.com,Portugal,219.173.162.48
245,James,Butler,jbutler6s@live.com,Canada,8.254.4.127
246,Wayne,Turner,wturner6t@bing.com,China,221.13.220.117
247,Catherine,Bryant,cbryant6u@unesco.org,Malaysia,57.74.157.197
248,Janice,Perry,jperry6v@nasa.gov,China,194.228.248.212
249,Ralph,Jackson,rjackson6w@indiatimes.com,Russia,157.6.129.23
250,Brian,Johnston,bjohnston6x@europa.eu,Norway,28.250.143.17
251,Cheryl,Stone,cstone6y@guardian.co.uk,Japan,113.18.234.218
252,Donald,Edwards,dedwards6z@4shared.com,United States,155.28.95.215
253,Margaret,Peters,mpeters70@ebay.co.uk,Russia,96.255.174.9
254,Wanda,Hall,whall71@barnesandnoble.com,Indonesia,81.229.59.1
255,Kimberly,Ramirez,kramirez72@theatlantic.com,United States,125.242.116.61
256,Rachel,Wells,rwells73@wufoo.com,China,160.77.254.144
257,Eugene,Walker,ewalker74@google.com.hk,Syria,61.78.208.135
258,Denise,Ward,dward75@naver.com,China,79.115.238.209
259,Shirley,Payne,spayne76@nsw.gov.au,Indonesia,108.196.204.209
260,Judy,Miller,jmiller77@unicef.org,Indonesia,214.132.86.234
261,Gerald,Bryant,gbryant78@mapquest.com,Thailand,3.55.63.81
262,Victor,Reed,vreed79@freewebs.com,Sweden,235.237.209.89
263,Marilyn,Fields,mfields7a@home.pl,Finland,150.153.67.247
264,Harry,Tucker,htucker7b@thetimes.co.uk,Mexico,204.48.205.207
265,Steve,Stephens,sstephens7c@csmonitor.com,Russia,88.32.88.30
266,Barbara,Turner,bturner7d@google.it,China,167.51.112.95
267,Henry,Lawrence,hlawrence7e@goo.ne.jp,Brazil,155.181.209.117
268,Julia,Perez,jperez7f@nhs.uk,Poland,84.92.217.205
269,Ralph,Jenkins,rjenkins7g@dropbox.com,Indonesia,13.97.246.102
270,Martha,Martin,mmartin7h@netvibes.com,France,62.138.134.241
271,Tammy,Diaz,tdiaz7i@typepad.com,Colombia,61.53.196.164
272,Sean,Gomez,sgomez7j@sphinn.com,Poland,125.192.112.3
273,Rose,Ferguson,rferguson7k@cloudflare.com,China,186.154.136.12
274,Tammy,Holmes,tholmes7l@amazon.co.jp,China,81.39.108.208
275,Margaret,Lawson,mlawson7m@dmoz.org,Philippines,220.163.249.93
276,Douglas,Nelson,dnelson7n@businessweek.com,Belize,86.222.196.236
277,Joe,Davis,jdavis7o@umn.edu,Czech Republic,215.218.66.151
278,Tammy,Bennett,tbennett7p@ifeng.com,Kazakhstan,60.220.63.236
279,Doris,George,dgeorge7q@dmoz.org,United States,22.49.156.85
280,Rachel,Welch,rwelch7r@dmoz.org,Bhutan,49.244.254.232
281,Cheryl,Reynolds,creynolds7s@last.fm,Burkina Faso,147.171.211.156
282,Betty,Flores,bflores7t@wordpress.org,Philippines,95.119.238.223
283,Bobby,Carpenter,bcarpenter7u@weibo.com,China,187.17.28.99
284,Joan,Fuller,jfuller7v@alexa.com,France,188.183.199.174
285,Catherine,Johnston,cjohnston7w@cdbaby.com,Russia,240.124.201.17
286,Johnny,Bryant,jbryant7x@guardian.co.uk,Indonesia,58.148.196.143
287,Aaron,Willis,awillis7y@alibaba.com,China,109.209.152.137
288,Eugene,Carr,ecarr7z@nifty.com,Canada,130.184.15.220
289,Jimmy,Hawkins,jhawkins80@amazon.co.jp,Russia,23.10.131.194
290,Frances,Roberts,froberts81@psu.edu,China,109.247.248.52
291,Steve,Duncan,sduncan82@surveymonkey.com,Mexico,112.228.64.246
292,Anthony,Jones,ajones83@jalbum.net,Finland,98.112.201.251
293,Russell,Diaz,rdiaz84@shop-pro.jp,China,70.34.29.70
294,Denise,Palmer,dpalmer85@theatlantic.com,Russia,157.121.96.137
295,Eric,Phillips,ephillips86@loc.gov,Panama,84.107.234.77
296,William,Lewis,wlewis87@youku.com,Japan,117.214.154.83
297,Douglas,Washington,dwashington88@blogs.com,Indonesia,169.45.12.218
298,Timothy,Carpenter,tcarpenter89@theatlantic.com,China,229.70.114.36
299,Rebecca,Washington,rwashington8a@samsung.com,Poland,102.94.106.237
300,Anna,Patterson,apatterson8b@cafepress.com,China,250.108.217.39
301,Howard,Nichols,hnichols8c@archive.org,Bulgaria,28.46.138.218
302,Doris,Reed,dreed8d@time.com,Vietnam,48.72.71.134
303,Gloria,Riley,griley8e@slashdot.org,Tanzania,108.165.15.228
304,Christine,Henderson,chenderson8f@webeden.co.uk,China,102.185.86.70
305,Richard,Bailey,rbailey8g@artisteer.com,Brazil,12.124.120.173
306,Kathleen,Campbell,kcampbell8h@ca.gov,Ukraine,6.155.150.3
307,Rose,Collins,rcollins8i@cisco.com,Russia,210.161.222.60
308,Elizabeth,Matthews,ematthews8j@google.co.jp,Indonesia,238.136.198.109
309,Norma,Roberts,nroberts8k@aol.com,Brazil,29.246.62.118
310,Mildred,Howell,mhowell8l@trellian.com,France,197.201.92.20
311,Ann,Arnold,aarnold8m@about.me,Tajikistan,176.131.232.94
312,Howard,Williams,hwilliams8n@marketwatch.com,Poland,87.220.187.235
313,Kevin,Mendoza,kmendoza8o@hibu.com,China,27.251.25.141
314,Victor,Berry,vberry8p@histats.com,Portugal,22.87.87.238
315,Virginia,Day,vday8q@utexas.edu,China,64.130.202.44
316,Jessica,Mills,jmills8r@hibu.com,Austria,242.197.205.84
317,Christina,George,cgeorge8s@purevolume.com,Brazil,209.215.161.116
318,Christopher,Lee,clee8t@pagesperso-orange.fr,Venezuela,89.109.234.165
319,Jimmy,Baker,jbaker8u@statcounter.com,Myanmar,150.62.249.158
320,Matthew,Vasquez,mvasquez8v@time.com,Poland,147.47.69.231
321,Amy,Ramos,aramos8w@hugedomains.com,Sweden,190.193.105.31
322,Aaron,Hunt,ahunt8x@hud.gov,Argentina,108.126.24.189
323,Christine,Berry,cberry8y@shinystat.com,Russia,200.104.14.155
324,Jason,Olson,jolson8z@craigslist.org,Greece,239.4.21.43
325,Patricia,Nelson,pnelson90@about.com,Philippines,175.121.48.228
326,Brandon,West,bwest91@dailymotion.com,China,17.36.154.60
327,Marilyn,Lawrence,mlawrence92@sina.com.cn,Myanmar,15.163.48.86
328,Robin,Vasquez,rvasquez93@over-blog.com,Guatemala,7.192.226.212
329,Christopher,Lawson,clawson94@cocolog-nifty.com,Thailand,100.154.45.151
330,Elizabeth,Butler,ebutler95@behance.net,Cape Verde,15.55.50.2
331,Keith,Harvey,kharvey96@hud.gov,Portugal,15.26.120.43
332,Anna,Brooks,abrooks97@unicef.org,Albania,208.199.159.129
333,Anne,Hudson,ahudson98@blogtalkradio.com,France,24.180.236.37
334,Judy,Shaw,jshaw99@tripod.com,United States,237.174.55.252
335,Russell,Cole,rcole9a@zdnet.com,Syria,65.6.114.239
336,Christina,Garza,cgarza9b@devhub.com,Peru,207.177.62.193
337,Kathryn,Montgomery,kmontgomery9c@liveinternet.ru,France,52.41.249.34
338,Bruce,Wells,bwells9d@clickbank.net,Greece,154.106.124.232
339,Irene,Rogers,irogers9e@ezinearticles.com,China,100.181.76.212
340,Jerry,Peters,jpeters9f@ucoz.com,Colombia,163.43.74.146
341,Thomas,Bishop,tbishop9g@tiny.cc,Costa Rica,156.65.204.219
342,Donna,Webb,dwebb9h@cpanel.net,Philippines,188.27.68.230
343,Fred,King,fking9i@mashable.com,Indonesia,245.70.244.254
344,Donna,Rogers,drogers9j@aol.com,Indonesia,151.53.161.147
345,Norma,Young,nyoung9k@vistaprint.com,Ghana,237.78.100.135
346,Kathryn,Burns,kburns9l@furl.net,Armenia,227.114.101.135
347,Sarah,George,sgeorge9m@dagondesign.com,France,232.150.191.228
348,Jane,Warren,jwarren9n@bluehost.com,Indonesia,173.230.36.103
349,Keith,Coleman,kcoleman9o@wisc.edu,Bosnia and Herzegovina,152.184.53.0
350,Fred,Sullivan,fsullivan9p@utexas.edu,China,7.41.242.54
351,Charles,Simpson,csimpson9q@imgur.com,Mexico,160.3.137.102
352,Carl,James,cjames9r@sina.com.cn,Ukraine,18.22.68.88
353,Alice,Diaz,adiaz9s@vinaora.com,Russia,179.244.91.95
354,Ruth,Mills,rmills9t@elpais.com,Cuba,192.136.235.230
355,Cheryl,Crawford,ccrawford9u@blogs.com,China,108.194.131.186
356,Kenneth,Griffin,kgriffin9v@angelfire.com,Ivory Coast,177.185.156.198
357,Marilyn,Warren,mwarren9w@wordpress.org,Portugal,204.0.113.157
358,Louis,Arnold,larnold9x@edublogs.org,Philippines,239.127.25.103
359,Juan,Hansen,jhansen9y@dropbox.com,United States,17.214.159.187
360,Richard,Ryan,rryan9z@prnewswire.com,Argentina,58.79.45.30
361,Irene,Mcdonald,imcdonalda0@omniture.com,Russia,173.139.32.29
362,Sara,Moreno,smorenoa1@sun.com,Jamaica,9.255.45.139
363,Jerry,Banks,jbanksa2@vimeo.com,Portugal,111.232.119.152
364,Janet,Ward,jwarda3@wiley.com,Kazakhstan,94.230.82.166
365,Rebecca,Alexander,ralexandera4@xing.com,Indonesia,132.215.11.132
366,John,Parker,jparkera5@tamu.edu,China,179.186.81.166
367,Bobby,Weaver,bweavera6@vk.com,Philippines,114.225.150.224
368,Brandon,Powell,bpowella7@chicagotribune.com,Sweden,172.20.150.97
369,Tina,Lane,tlanea8@fotki.com,China,69.60.184.203
370,Justin,Scott,jscotta9@ucoz.ru,Indonesia,241.136.189.91
371,Martha,Richardson,mrichardsonaa@reuters.com,Sweden,107.87.87.43
372,Robin,Richardson,rrichardsonab@vistaprint.com,Chile,129.218.101.9
373,Tina,Fuller,tfullerac@squidoo.com,China,88.93.101.27
374,Raymond,Evans,revansad@edublogs.org,China,242.122.242.71
375,George,Richards,grichardsae@google.com,Philippines,221.149.86.149
376,Cheryl,Gilbert,cgilbertaf@drupal.org,Indonesia,114.203.186.101
377,Norma,Hansen,nhansenag@cocolog-nifty.com,Namibia,243.190.4.108
378,Barbara,Sims,bsimsah@unesco.org,Finland,196.231.16.26
379,Jesse,Graham,jgrahamai@kickstarter.com,Malta,204.52.251.232
380,Lisa,Bishop,lbishopaj@trellian.com,Greece,91.0.238.195
381,Theresa,Phillips,tphillipsak@dailymotion.com,China,140.110.154.83
382,Diane,Burke,dburkeal@google.co.jp,Canada,58.93.117.95
383,Steve,Elliott,selliottam@unicef.org,United States,2.167.237.186
384,Amy,Rose,arosean@cdc.gov,Philippines,18.4.198.200
385,Maria,Reid,mreidao@ca.gov,Azerbaijan,103.201.200.248
386,Roger,Murray,rmurrayap@aol.com,Palestinian Territory,83.9.88.70
387,Earl,James,ejamesaq@statcounter.com,Macedonia,28.3.123.58
388,Donald,Morris,dmorrisar@seattletimes.com,Pakistan,83.148.153.199
389,George,Perkins,gperkinsas@booking.com,Philippines,217.241.153.83
390,Philip,Wells,pwellsat@youtube.com,Colombia,2.103.67.40
391,Alice,Powell,apowellau@examiner.com,Sweden,41.47.250.44
392,Maria,Burns,mburnsav@e-recht24.de,Portugal,248.35.131.149
393,Elizabeth,Riley,erileyaw@canalblog.com,United States,235.175.165.31
394,Sean,Kennedy,skennedyax@naver.com,Japan,168.218.42.64
395,Steven,Davis,sdavisay@umich.edu,Colombia,49.85.89.63
396,Frank,Hamilton,fhamiltonaz@huffingtonpost.com,China,72.198.54.226
397,Kathy,Riley,krileyb0@utexas.edu,China,28.61.26.146
398,Robin,Williamson,rwilliamsonb1@moonfruit.com,Indonesia,64.87.20.25
399,Rebecca,Lee,rleeb2@ca.gov,Brazil,59.32.250.79
400,Frances,Morrison,fmorrisonb3@sitemeter.com,Thailand,63.225.65.11
401,Clarence,Bailey,cbaileyb4@jalbum.net,China,55.232.96.17
402,James,Lewis,jlewisb5@samsung.com,China,133.169.45.252
403,Robert,Snyder,rsnyderb6@lulu.com,Indonesia,0.89.255.8
404,Jennifer,Taylor,jtaylorb7@wikia.com,Portugal,10.42.42.39
405,Harry,Nelson,hnelsonb8@spotify.com,Pakistan,185.72.25.163
406,Brian,Turner,bturnerb9@jiathis.com,Pakistan,17.198.226.59
407,Pamela,Castillo,pcastilloba@amazon.co.uk,Brazil,225.19.97.16
408,Maria,Stanley,mstanleybb@clickbank.net,Ivory Coast,16.43.221.14
409,Charles,Gonzalez,cgonzalezbc@lulu.com,China,162.16.23.47
410,Susan,Hawkins,shawkinsbd@oakley.com,France,133.124.66.50
411,Andrew,Freeman,afreemanbe@bloglovin.com,China,110.224.162.18
412,Kelly,Jones,kjonesbf@multiply.com,Israel,130.112.15.174
413,Joan,Chavez,jchavezbg@wunderground.com,Egypt,225.166.134.249
414,Donald,Chavez,dchavezbh@godaddy.com,China,21.35.178.77
415,Anna,Holmes,aholmesbi@tripod.com,Japan,65.241.18.231
416,Michelle,Sanders,msandersbj@t.co,China,168.245.35.209
417,Beverly,Reynolds,breynoldsbk@walmart.com,China,6.188.174.230
418,Carolyn,Watkins,cwatkinsbl@dropbox.com,United States,74.102.133.159
419,Philip,Thompson,pthompsonbm@goo.ne.jp,Russia,11.128.252.243
420,Rachel,Russell,rrussellbn@umich.edu,Portugal,162.184.39.229
421,Howard,Black,hblackbo@nature.com,Brazil,108.19.122.81
422,Tina,Cunningham,tcunninghambp@fastcompany.com,Indonesia,76.110.154.115
423,Katherine,Brown,kbrownbq@de.vu,China,123.47.93.204
424,Matthew,Fox,mfoxbr@marriott.com,France,134.177.195.101
425,Lawrence,Kelly,lkellybs@nydailynews.com,China,17.248.169.198
426,Sandra,Holmes,sholmesbt@newyorker.com,Colombia,5.116.8.106
427,Johnny,Jenkins,jjenkinsbu@yelp.com,China,66.190.9.68
428,Joseph,Gardner,jgardnerbv@123-reg.co.uk,Ireland,196.10.112.209
429,Melissa,Mason,mmasonbw@usatoday.com,Cape Verde,59.117.34.44
430,Beverly,Stanley,bstanleybx@slashdot.org,Mexico,25.98.184.80
431,Raymond,Fernandez,rfernandezby@shop-pro.jp,Democratic Republic of the Congo,88.225.42.239
432,William,Duncan,wduncanbz@boston.com,Thailand,18.223.224.75
433,James,Young,jyoungc0@typepad.com,Ivory Coast,45.69.209.122
434,Andrew,Ross,arossc1@twitpic.com,Philippines,129.204.198.206
435,Kevin,Daniels,kdanielsc2@amazon.co.jp,United States,182.6.10.135
436,Randy,Robinson,rrobinsonc3@fc2.com,Vietnam,150.50.226.166
437,Ashley,Arnold,aarnoldc4@paypal.com,China,81.163.11.20
438,Jacqueline,Carpenter,jcarpenterc5@barnesandnoble.com,South Korea,244.112.120.0
439,Clarence,Cole,ccolec6@sogou.com,Indonesia,182.224.99.209
440,Martin,Scott,mscottc7@examiner.com,China,167.211.205.64
441,Ashley,Hill,ahillc8@soundcloud.com,Indonesia,50.235.204.97
442,Charles,Smith,csmithc9@freewebs.com,Nigeria,181.48.251.222
443,Martin,Palmer,mpalmerca@ft.com,Brazil,223.184.252.156
444,David,Rogers,drogerscb@alexa.com,United States,94.46.18.21
445,Beverly,Weaver,bweavercc@networksolutions.com,Sweden,99.154.145.234
446,Matthew,Carter,mcartercd@drupal.org,China,50.115.59.158
447,Louise,Fernandez,lfernandezce@amazon.co.jp,Indonesia,234.182.215.98
448,Cynthia,Russell,crussellcf@time.com,Russia,108.33.97.89
449,Alan,Larson,alarsoncg@stanford.edu,Japan,166.224.153.87
450,Sara,Watson,swatsonch@bbb.org,Indonesia,91.108.207.157
451,Angela,Chavez,achavezci@sciencedirect.com,China,10.86.37.89
452,Cynthia,Lawson,clawsoncj@stumbleupon.com,Sweden,203.177.221.151
453,Brandon,Stanley,bstanleyck@t-online.de,China,203.111.104.39
454,Andrew,Williams,awilliamscl@purevolume.com,Ghana,89.26.216.108
455,Victor,Stone,vstonecm@chronoengine.com,China,57.149.5.154
456,Jerry,Stewart,jstewartcn@yelp.com,Philippines,228.16.101.214
457,Howard,Ford,hfordco@google.pl,Indonesia,153.242.36.54
458,Keith,Anderson,kandersoncp@domainmarket.com,Djibouti,22.113.219.59
459,Aaron,Richards,arichardscq@engadget.com,Brazil,238.2.54.254
460,Scott,Stevens,sstevenscr@jimdo.com,Indonesia,248.113.120.161
461,Victor,Harrison,vharrisoncs@unesco.org,Philippines,233.7.63.31
462,Fred,Gonzalez,fgonzalezct@cargocollective.com,China,152.79.177.114
463,Gloria,Gibson,ggibsoncu@cornell.edu,Bolivia,63.67.204.113
464,Louise,Mccoy,lmccoycv@ameblo.jp,China,143.91.146.174
465,Mark,Hunt,mhuntcw@over-blog.com,Philippines,28.112.152.127
466,Judith,Kim,jkimcx@w3.org,China,250.43.86.1
467,Jonathan,Hamilton,jhamiltoncy@arizona.edu,Indonesia,149.197.245.57
468,Kimberly,Webb,kwebbcz@youtu.be,China,67.80.111.211
469,Emily,Wells,ewellsd0@com.com,Nigeria,47.64.122.138
470,Albert,Wilson,awilsond1@amazon.de,Thailand,106.110.206.205
471,Lawrence,Lane,llaned2@sohu.com,China,117.104.239.199
472,Ronald,Kennedy,rkennedyd3@soundcloud.com,South Africa,59.150.25.2
473,Matthew,Hernandez,mhernandezd4@reuters.com,Brazil,64.250.49.29
474,Amy,Wright,awrightd5@blog.com,United States,215.165.244.251
475,Anne,Price,apriced6@deliciousdays.com,Japan,76.161.190.108
476,Justin,Schmidt,jschmidtd7@ovh.net,Poland,32.170.231.178
477,Gary,Day,gdayd8@loc.gov,Portugal,207.43.247.228
478,Beverly,Payne,bpayned9@shutterfly.com,Indonesia,132.7.184.244
479,Scott,Washington,swashingtonda@de.vu,Nicaragua,201.155.226.214
480,Sarah,Reynolds,sreynoldsdb@ox.ac.uk,Indonesia,67.56.129.8
481,Jennifer,Coleman,jcolemandc@chronoengine.com,China,203.41.216.151
482,Charles,Hill,chilldd@exblog.jp,Vietnam,175.211.86.20
483,Eric,Moreno,emorenode@cam.ac.uk,China,96.108.123.6
484,Paula,Oliver,poliverdf@so-net.ne.jp,Russia,223.38.233.238
485,Charles,Kennedy,ckennedydg@omniture.com,United States,153.254.241.159
486,Sandra,Matthews,smatthewsdh@squidoo.com,Albania,136.100.185.159
487,Aaron,Vasquez,avasquezdi@bbb.org,China,234.67.171.111
488,Adam,Lynch,alynchdj@reuters.com,Peru,77.118.12.170
489,Paul,Rivera,priveradk@nytimes.com,Mongolia,119.83.83.207
490,Ralph,Lewis,rlewisdl@mysql.com,Poland,92.195.165.181
491,Angela,Watkins,awatkinsdm@clickbank.net,United States,174.124.75.24
492,Daniel,Scott,dscottdn@marketwatch.com,Liberia,178.156.251.230
493,Tina,West,twestdo@quantcast.com,Russia,10.205.18.27
494,Theresa,Carter,tcarterdp@xing.com,Philippines,183.164.119.105
495,Christina,James,cjamesdq@cpanel.net,Sweden,182.79.17.158
496,Janet,Howell,jhowelldr@deviantart.com,China,231.227.223.143
497,Martha,Ramos,mramosds@tuttocitta.it,Costa Rica,76.36.224.200
498,Peter,Bowman,pbowmandt@npr.org,Philippines,225.57.236.103
499,Kathryn,Bishop,kbishopdu@berkeley.edu,South Africa,2.179.194.158
500,Melissa,Rose,mrosedv@europa.eu,China,49.55.127.167
501,Emily,Henry,ehenrydw@scribd.com,Brazil,109.53.149.190
502,Julie,Morrison,jmorrisondx@whitehouse.gov,United States,140.198.213.102
503,Larry,Brooks,lbrooksdy@tmall.com,Finland,19.60.230.167
504,Russell,Richardson,rrichardsondz@paypal.com,Sweden,158.178.25.35
505,Sarah,Powell,spowelle0@aboutads.info,China,226.31.192.37
506,Brandon,Thomas,bthomase1@loc.gov,France,102.98.198.31
507,Diana,Hernandez,dhernandeze2@vk.com,China,82.31.7.119
508,Joyce,Myers,jmyerse3@mapy.cz,Colombia,59.243.211.229
509,Fred,Wilson,fwilsone4@smugmug.com,Brazil,99.141.32.181
510,Matthew,Ellis,mellise5@msu.edu,Indonesia,240.49.235.209
511,Ann,Castillo,acastilloe6@bloglines.com,Russia,120.19.123.244
512,Joyce,Henderson,jhendersone7@flavors.me,Brazil,243.42.107.201
513,Steven,Gibson,sgibsone8@devhub.com,Hungary,150.210.64.126
514,Diana,King,dkinge9@amazonaws.com,Finland,13.71.221.98
515,Howard,Carpenter,hcarpenterea@bing.com,Ghana,34.66.71.107
516,Christine,Gibson,cgibsoneb@google.com.hk,Tanzania,73.93.71.253
517,Janice,Rogers,jrogersec@nba.com,Thailand,168.241.74.90
518,Steve,Murphy,smurphyed@google.com.br,Indonesia,27.72.135.232
519,Billy,Butler,bbutleree@123-reg.co.uk,Colombia,114.195.99.146
520,Keith,Hunt,khuntef@artisteer.com,Indonesia,105.60.64.3
521,William,Scott,wscotteg@spotify.com,Latvia,247.56.190.51
522,Kathleen,Dunn,kdunneh@xrea.com,Philippines,159.43.32.77
523,James,Meyer,jmeyerei@homestead.com,Russia,44.237.208.107
524,Andrew,Robertson,arobertsonej@storify.com,Ukraine,153.33.225.120
525,Christina,Peters,cpetersek@g.co,Poland,80.172.220.176
526,Keith,Riley,krileyel@wiley.com,Pakistan,92.238.195.0
527,Roy,Edwards,redwardsem@netvibes.com,China,101.93.166.147
528,Martha,Simmons,msimmonsen@engadget.com,Russia,205.88.77.152
529,Louis,Barnes,lbarneseo@nhs.uk,Thailand,67.133.145.212
530,Susan,Medina,smedinaep@economist.com,China,18.222.49.229
531,Janet,Morgan,jmorganeq@archive.org,United States,239.186.41.167
532,Jeremy,Olson,jolsoner@pbs.org,Russia,29.211.235.212
533,Lisa,Garrett,lgarrettes@wikia.com,Israel,122.103.113.137
534,Henry,Myers,hmyerset@qq.com,Russia,227.152.90.52
535,Earl,Brown,ebrowneu@newsvine.com,France,24.72.61.32
536,Thomas,Kim,tkimev@statcounter.com,Georgia,122.16.165.15
537,Paula,Gibson,pgibsonew@homestead.com,China,222.48.10.88
538,Shawn,Jordan,sjordanex@privacy.gov.au,China,66.55.170.94
539,Keith,Ray,krayey@angelfire.com,Namibia,205.213.180.255
540,Brenda,Elliott,belliottez@nytimes.com,China,90.150.47.244
541,Tina,Sullivan,tsullivanf0@nymag.com,China,182.74.244.145
542,Alan,Anderson,aandersonf1@stanford.edu,Brazil,196.40.135.36
543,Andrew,Brown,abrownf2@liveinternet.ru,Brazil,71.49.138.17
544,Dennis,Hart,dhartf3@seattletimes.com,Indonesia,112.116.169.12
545,Angela,Schmidt,aschmidtf4@squarespace.com,Tunisia,60.52.64.191
546,Jonathan,Carr,jcarrf5@macromedia.com,South Africa,25.90.28.24
547,Wayne,Reyes,wreyesf6@mediafire.com,Canada,67.83.245.48
548,Justin,Ross,jrossf7@unicef.org,Nepal,37.70.115.33
549,Diana,Ross,drossf8@typepad.com,China,204.227.181.43
550,Antonio,Ryan,aryanf9@bloglovin.com,Finland,191.239.9.165
551,Heather,Reed,hreedfa@wordpress.org,Poland,45.195.193.53
552,James,Cook,jcookfb@wufoo.com,Panama,180.109.96.173
553,Jeffrey,Meyer,jmeyerfc@nbcnews.com,Guatemala,48.11.155.22
554,Jessica,Vasquez,jvasquezfd@aol.com,Honduras,99.28.226.161
555,Andrea,Stone,astonefe@hexun.com,China,187.15.237.203
556,Johnny,Mason,jmasonff@sbwire.com,Argentina,47.212.42.31
557,Ronald,Evans,revansfg@symantec.com,Malaysia,35.240.51.10
558,Joseph,Davis,jdavisfh@live.com,Paraguay,68.84.138.114
559,Willie,Bailey,wbaileyfi@google.nl,China,187.64.88.104
560,Patricia,Morris,pmorrisfj@gizmodo.com,Vietnam,82.59.169.143
561,Juan,Ryan,jryanfk@slate.com,Nepal,21.16.250.7
562,Gloria,Mills,gmillsfl@about.me,Kenya,104.214.242.161
563,Christine,Price,cpricefm@netvibes.com,Greece,124.234.227.14
564,Anne,Black,ablackfn@smugmug.com,China,128.201.78.79
565,Helen,Powell,hpowellfo@paypal.com,Indonesia,122.148.13.1
566,Thomas,Bell,tbellfp@pinterest.com,Zimbabwe,25.218.120.11
567,Laura,Ross,lrossfq@people.com.cn,Palestinian Territory,166.208.111.16
568,Kimberly,Bell,kbellfr@weebly.com,Brazil,29.74.47.252
569,Nicole,Tucker,ntuckerfs@cocolog-nifty.com,China,112.81.171.167
570,Alice,Sanders,asandersft@tinypic.com,Japan,189.180.173.116
571,Kenneth,Grant,kgrantfu@cbslocal.com,Poland,239.44.69.9
572,Katherine,Murray,kmurrayfv@cbsnews.com,Canada,49.192.110.10
573,Frances,Woods,fwoodsfw@scientificamerican.com,China,166.148.161.248
574,Paula,Berry,pberryfx@desdev.cn,United States,78.131.248.224
575,Jose,Cooper,jcooperfy@yellowpages.com,China,52.114.202.8
576,Jennifer,Mitchell,jmitchellfz@microsoft.com,Venezuela,72.192.40.101
577,Robin,Fields,rfieldsg0@joomla.org,Indonesia,122.127.178.252
578,Antonio,Robinson,arobinsong1@xing.com,China,56.82.171.241
579,Kathryn,Carpenter,kcarpenterg2@umn.edu,France,215.11.173.56
580,Fred,Stevens,fstevensg3@smh.com.au,Indonesia,95.238.10.42
581,Annie,Burns,aburnsg4@phoca.cz,Argentina,110.4.237.8
582,Linda,Hall,lhallg5@pen.io,Russia,133.161.82.183
583,Bonnie,Alexander,balexanderg6@delicious.com,Indonesia,39.61.127.63
584,Harry,Romero,hromerog7@gov.uk,Micronesia,23.203.1.251
585,Jesse,Murray,jmurrayg8@timesonline.co.uk,Uruguay,178.157.3.41
586,Antonio,Simpson,asimpsong9@usatoday.com,Poland,80.47.58.10
587,Diane,Lawson,dlawsonga@wordpress.com,Philippines,55.203.105.204
588,Timothy,Ramirez,tramirezgb@newyorker.com,Vietnam,50.83.186.136
589,Jonathan,Perkins,jperkinsgc@drupal.org,Argentina,85.41.123.35
590,Jose,Collins,jcollinsgd@blogspot.com,Argentina,58.243.212.229
591,Stephen,Stanley,sstanleyge@acquirethisname.com,China,146.135.47.178
592,Kelly,Davis,kdavisgf@sciencedirect.com,Indonesia,145.183.143.130
593,Sean,Martin,smartingg@soundcloud.com,Russia,181.155.63.104
594,Chris,Morgan,cmorgangh@freewebs.com,China,171.172.67.38
595,Joseph,Johnson,jjohnsongi@ucsd.edu,China,7.164.204.10
596,Peter,Chapman,pchapmangj@studiopress.com,Spain,33.63.115.188
597,Diana,Cook,dcookgk@eventbrite.com,Mali,230.118.106.39
598,Alice,Young,ayounggl@nsw.gov.au,China,213.206.156.189
599,Evelyn,Ruiz,eruizgm@wunderground.com,Uganda,197.89.101.171
600,Lillian,Hanson,lhansongn@dyndns.org,China,172.31.112.189
601,Gary,Sanders,gsandersgo@tmall.com,Honduras,200.40.224.195
602,Robert,Hamilton,rhamiltongp@bloglovin.com,China,155.176.27.133
603,Kathryn,Rose,krosegq@howstuffworks.com,Russia,237.201.195.183
604,Dorothy,Walker,dwalkergr@wordpress.com,Poland,6.59.194.69
605,Albert,Morrison,amorrisongs@guardian.co.uk,Yemen,168.136.174.87
606,Harry,Sullivan,hsullivangt@examiner.com,Thailand,6.190.69.64
607,Evelyn,Fowler,efowlergu@microsoft.com,Greece,160.212.94.159
608,Harold,Garrett,hgarrettgv@hatena.ne.jp,Ukraine,172.56.197.248
609,Paul,Miller,pmillergw@angelfire.com,Sweden,166.189.23.222
610,Ralph,Turner,rturnergx@yahoo.com,China,224.173.66.145
611,Anne,Lopez,alopezgy@army.mil,Russia,25.234.226.40
612,Anthony,Mills,amillsgz@army.mil,China,130.109.94.157
613,Denise,Allen,dallenh0@shop-pro.jp,China,197.183.55.158
614,Pamela,Edwards,pedwardsh1@e-recht24.de,Russia,34.66.158.74
615,George,Stone,gstoneh2@patch.com,Brazil,220.162.156.7
616,Gary,Ross,grossh3@time.com,Indonesia,47.116.30.42
617,Anna,Gibson,agibsonh4@sciencedaily.com,Colombia,115.179.30.22
618,Henry,Phillips,hphillipsh5@netlog.com,France,241.187.117.240
619,Albert,Riley,arileyh6@toplist.cz,Indonesia,115.91.139.137
620,Kenneth,Richards,krichardsh7@miitbeian.gov.cn,Brazil,168.140.108.216
621,Joshua,George,jgeorgeh8@yahoo.com,Portugal,132.97.14.156
622,Samuel,Pierce,spierceh9@hc360.com,China,16.65.208.231
623,Tammy,Richards,trichardsha@shop-pro.jp,China,0.124.182.44
624,Michelle,Thompson,mthompsonhb@youtu.be,China,200.21.160.132
625,Heather,Sanchez,hsanchezhc@senate.gov,Poland,94.217.179.234
626,Ann,Holmes,aholmeshd@sakura.ne.jp,China,239.124.105.72
627,Dorothy,Cruz,dcruzhe@quantcast.com,Azerbaijan,26.122.152.62
628,Edward,Lawrence,elawrencehf@dyndns.org,Sweden,243.96.89.140
629,Tina,Stephens,tstephenshg@va.gov,Indonesia,175.141.118.250
630,Michelle,Wallace,mwallacehh@squidoo.com,China,113.86.186.104
631,Kathy,Diaz,kdiazhi@about.me,Brazil,221.170.74.33
632,Tammy,Bell,tbellhj@businessinsider.com,South Africa,106.66.232.32
633,Nancy,Campbell,ncampbellhk@shop-pro.jp,Russia,163.50.20.214
634,Antonio,Brooks,abrookshl@springer.com,Colombia,250.84.27.46
635,Shirley,Lawson,slawsonhm@addtoany.com,Brazil,147.186.255.131
636,Cynthia,Lopez,clopezhn@pagesperso-orange.fr,Thailand,16.146.254.81
637,Martin,Lee,mleeho@dagondesign.com,Japan,195.48.47.16
638,Randy,Armstrong,rarmstronghp@twitpic.com,Japan,11.188.180.176
639,Brian,Rose,brosehq@fastcompany.com,Malawi,163.131.127.230
640,Gregory,Taylor,gtaylorhr@ehow.com,Poland,172.155.72.93
641,Barbara,Flores,bfloreshs@nationalgeographic.com,Russia,181.214.152.66
642,Patrick,Henry,phenryht@fda.gov,Ethiopia,125.115.133.170
643,Sean,Peters,spetershu@zdnet.com,France,105.223.29.112
644,Stephen,White,swhitehv@a8.net,Bolivia,200.211.79.93
645,Eric,Smith,esmithhw@blogs.com,Poland,235.207.156.241
646,Ruth,Gordon,rgordonhx@qq.com,Indonesia,137.72.191.51
647,Angela,Garza,agarzahy@vinaora.com,Finland,119.99.77.74
648,Alice,Harris,aharrishz@ask.com,China,101.117.216.10
649,Todd,Owens,towensi0@census.gov,Poland,43.146.205.232
650,Christopher,Andrews,candrewsi1@hexun.com,Sweden,49.0.177.84
651,Martin,Elliott,melliotti2@forbes.com,Brazil,24.195.174.8
652,Anne,Armstrong,aarmstrongi3@diigo.com,China,32.238.194.240
653,Andrea,Burke,aburkei4@imgur.com,Brazil,172.106.152.255
654,Marie,Elliott,melliotti5@cbsnews.com,Venezuela,133.112.173.145
655,Michelle,Hudson,mhudsoni6@ca.gov,Russia,219.252.155.223
656,Robin,Peterson,rpetersoni7@businessweek.com,Indonesia,124.246.0.241
657,Philip,Palmer,ppalmeri8@so-net.ne.jp,South Africa,27.156.65.103
658,Martin,Black,mblacki9@ifeng.com,Brazil,139.234.234.222
659,Jean,Frazier,jfrazieria@umn.edu,Philippines,208.29.233.135
660,Joshua,Daniels,jdanielsib@freewebs.com,Pakistan,115.22.32.57
661,Carol,Ward,cwardic@linkedin.com,Poland,177.52.74.151
662,Willie,Alexander,walexanderid@bing.com,Brazil,137.55.67.136
663,Helen,Palmer,hpalmerie@devhub.com,Russia,147.20.135.98
664,Arthur,Lewis,alewisif@nydailynews.com,China,104.110.199.225
665,Ashley,Evans,aevansig@telegraph.co.uk,Canada,132.238.210.54
666,Kathleen,Webb,kwebbih@ifeng.com,Indonesia,190.206.31.136
667,Peter,Chavez,pchavezii@europa.eu,Philippines,134.246.62.76
668,Jason,Gilbert,jgilbertij@ed.gov,Croatia,41.169.7.46
669,Louise,Campbell,lcampbellik@businessweek.com,Colombia,42.33.135.244
670,Rebecca,Robinson,rrobinsonil@admin.ch,Spain,224.215.9.66
671,Norma,Myers,nmyersim@netscape.com,France,33.206.173.225
672,Julie,Nguyen,jnguyenin@theglobeandmail.com,China,118.226.54.62
673,Norma,Richardson,nrichardsonio@mapquest.com,Sri Lanka,74.39.131.119
674,Katherine,Cole,kcoleip@networksolutions.com,Haiti,46.151.135.184
675,Chris,Carr,ccarriq@canalblog.com,Poland,159.116.179.78
676,John,Franklin,jfranklinir@e-recht24.de,France,128.78.35.72
677,Catherine,Ray,crayis@deviantart.com,Mongolia,23.71.85.193
678,Gregory,Carter,gcarterit@liveinternet.ru,France,232.26.49.210
679,Arthur,Ellis,aellisiu@oakley.com,Japan,240.48.143.213
680,Frank,Morgan,fmorganiv@hatena.ne.jp,Czech Republic,28.83.161.7
681,Earl,Dunn,edunniw@tuttocitta.it,Philippines,98.102.137.132
682,Michael,Thompson,mthompsonix@fc2.com,Philippines,20.128.56.184
683,Janice,Stanley,jstanleyiy@clickbank.net,Indonesia,33.82.113.78
684,Anne,Gonzalez,agonzaleziz@google.nl,Canada,116.165.28.130
685,Eugene,Graham,egrahamj0@webs.com,China,25.27.142.148
686,Matthew,Evans,mevansj1@mozilla.com,Uganda,49.43.15.168
687,Terry,Burke,tburkej2@google.de,China,41.78.103.74
688,Barbara,Parker,bparkerj3@is.gd,Myanmar,127.116.40.221
689,Lori,Armstrong,larmstrongj4@e-recht24.de,Indonesia,23.234.66.249
690,Diane,Sullivan,dsullivanj5@arstechnica.com,South Korea,139.177.140.192
691,Jean,Reynolds,jreynoldsj6@tripod.com,Canada,126.230.226.181
692,Russell,Moore,rmoorej7@biblegateway.com,Philippines,205.238.131.173
693,Beverly,Wells,bwellsj8@who.int,Croatia,109.246.40.157
694,Stephen,Greene,sgreenej9@usatoday.com,Thailand,77.40.225.121
695,Charles,Roberts,crobertsja@businessinsider.com,China,176.195.254.141
696,Irene,Harrison,iharrisonjb@theglobeandmail.com,Russia,2.12.37.204
697,Lisa,Fisher,lfisherjc@smugmug.com,France,64.196.137.170
698,Clarence,Ruiz,cruizjd@tuttocitta.it,Germany,191.154.92.89
699,Thomas,Knight,tknightje@census.gov,Indonesia,111.191.193.34
700,Bobby,Spencer,bspencerjf@t.co,Portugal,162.114.195.150
701,Howard,Gilbert,hgilbertjg@seattletimes.com,China,213.19.182.191
702,Kevin,Morrison,kmorrisonjh@time.com,China,160.29.239.44
703,Gregory,Dixon,gdixonji@facebook.com,Russia,186.36.142.108
704,Jennifer,Ortiz,jortizjj@google.ru,China,114.235.144.78
705,Anne,Harrison,aharrisonjk@issuu.com,Bangladesh,220.66.5.248
706,Jean,Murray,jmurrayjl@mac.com,Sweden,186.139.129.97
707,Fred,Adams,fadamsjm@tmall.com,Costa Rica,168.252.23.98
708,Pamela,Andrews,pandrewsjn@nature.com,Portugal,45.25.204.151
709,Ruth,Reyes,rreyesjo@networkadvertising.org,China,177.65.137.254
710,Christina,Rose,crosejp@ted.com,Indonesia,92.15.193.8
711,Wayne,Cole,wcolejq@newsvine.com,Russia,243.176.203.0
712,Paula,Wagner,pwagnerjr@i2i.jp,Hungary,131.68.43.13
713,Billy,Palmer,bpalmerjs@businesswire.com,Afghanistan,237.243.105.147
714,Annie,Fuller,afullerjt@china.com.cn,China,67.98.205.77
715,Dorothy,Gonzalez,dgonzalezju@mayoclinic.com,Germany,200.95.82.60
716,Brian,Alexander,balexanderjv@scientificamerican.com,Nepal,56.149.29.86
717,Tammy,Howard,thowardjw@time.com,Portugal,213.148.177.130
718,Lawrence,Washington,lwashingtonjx@yandex.ru,Sweden,231.24.38.51
719,Christine,Perkins,cperkinsjy@multiply.com,Sudan,19.157.67.251
720,Kevin,Ray,krayjz@umn.edu,Poland,51.98.71.3
721,Nicole,Cooper,ncooperk0@npr.org,North Korea,100.53.233.235
722,Mary,Arnold,marnoldk1@cpanel.net,Indonesia,163.41.132.212
723,Alan,Ramirez,aramirezk2@google.com.br,Philippines,55.31.147.178
724,Albert,Reed,areedk3@gmpg.org,Japan,233.118.56.163
725,Cheryl,Hall,challk4@jimdo.com,Indonesia,202.123.161.76
726,Keith,Perry,kperryk5@discuz.net,China,123.52.101.5
727,Craig,Armstrong,carmstrongk6@cdc.gov,Philippines,34.120.132.114
728,Christopher,Perez,cperezk7@parallels.com,Brazil,82.14.172.143
729,Willie,Grant,wgrantk8@vinaora.com,Poland,145.212.236.19
730,Donald,Green,dgreenk9@apple.com,Thailand,251.106.148.246
731,Justin,Clark,jclarkka@macromedia.com,Russia,83.141.173.174
732,Anna,Fuller,afullerkb@gravatar.com,Sweden,244.141.227.79
733,Barbara,Warren,bwarrenkc@so-net.ne.jp,Poland,51.203.200.221
734,Theresa,Warren,twarrenkd@google.pl,Haiti,196.87.51.25
735,Brandon,Phillips,bphillipske@epa.gov,Russia,7.50.91.58
736,Benjamin,Lewis,blewiskf@macromedia.com,Indonesia,192.97.224.14
737,Stephanie,Carr,scarrkg@elegantthemes.com,China,229.107.215.116
738,Brenda,Reid,breidkh@phpbb.com,China,155.60.15.2
739,Betty,Rogers,brogerski@scientificamerican.com,Guatemala,195.229.9.13
740,Janice,Reyes,jreyeskj@tiny.cc,Sweden,52.202.4.197
741,Sara,Cole,scolekk@yale.edu,Indonesia,33.36.66.70
742,Lillian,Riley,lrileykl@linkedin.com,Indonesia,61.58.130.161
743,Patrick,Bowman,pbowmankm@wikia.com,Philippines,28.213.32.234
744,Michelle,Davis,mdaviskn@marriott.com,Indonesia,88.157.192.116
745,Jesse,Fisher,jfisherko@tripadvisor.com,Bulgaria,177.246.190.80
746,Gary,Hart,ghartkp@fda.gov,Malaysia,224.235.237.146
747,Christopher,James,cjameskq@dot.gov,China,96.128.73.203
748,Betty,Roberts,brobertskr@abc.net.au,Russia,92.103.21.23
749,Kathleen,Hansen,khansenks@phoca.cz,Sudan,39.73.246.229
750,Rose,Gray,rgraykt@surveymonkey.com,Russia,181.38.71.27
751,Albert,Rogers,arogersku@instagram.com,Mongolia,168.242.155.106
752,Brenda,Marshall,bmarshallkv@yahoo.com,Russia,44.63.90.83
753,Wanda,Burke,wburkekw@ameblo.jp,Indonesia,238.57.62.58
754,Christina,Martin,cmartinkx@barnesandnoble.com,South Africa,80.226.235.154
755,James,Mcdonald,jmcdonaldky@taobao.com,Laos,2.171.108.209
756,Frank,Stanley,fstanleykz@weebly.com,San Marino,30.132.157.61
757,Frank,Hawkins,fhawkinsl0@twitter.com,Antigua and Barbuda,152.56.20.183
758,Nicholas,Lawson,nlawsonl1@yellowbook.com,Kazakhstan,53.217.220.187
759,Brandon,Dixon,bdixonl2@google.de,Czech Republic,148.101.76.31
760,Matthew,Bradley,mbradleyl3@kickstarter.com,Philippines,168.95.132.189
761,Janice,Ross,jrossl4@imdb.com,Russia,2.159.145.54
762,Sarah,Thomas,sthomasl5@gnu.org,Ukraine,108.86.172.192
763,Eugene,Rose,erosel6@bing.com,China,203.127.207.86
764,Emily,Pierce,epiercel7@washingtonpost.com,Russia,104.119.42.85
765,Willie,Kim,wkiml8@cisco.com,Philippines,22.62.198.185
766,Katherine,Chavez,kchavezl9@blogtalkradio.com,Nigeria,236.226.145.98
767,Clarence,Holmes,cholmesla@patch.com,Portugal,255.38.31.107
768,Lori,Griffin,lgriffinlb@a8.net,Sweden,252.219.187.10
769,Alan,Williams,awilliamslc@ucoz.ru,Indonesia,149.0.67.66
770,Heather,Rodriguez,hrodriguezld@discovery.com,Poland,50.125.178.73
771,Phillip,Harvey,pharveyle@google.co.uk,Poland,197.112.35.77
772,Lawrence,Day,ldaylf@imgur.com,China,53.217.197.245
773,Ann,Freeman,afreemanlg@cnbc.com,France,252.126.60.245
774,Sara,Thomas,sthomaslh@adobe.com,Japan,57.196.194.90
775,Jerry,Hill,jhillli@weather.com,Brazil,177.232.48.158
776,Jesse,Austin,jaustinlj@npr.org,Dominican Republic,109.14.160.50
777,Kathy,Fields,kfieldslk@virginia.edu,China,172.141.252.42
778,Arthur,Martinez,amartinezll@digg.com,South Korea,159.152.241.174
779,Johnny,Diaz,jdiazlm@i2i.jp,Sweden,163.46.192.207
780,Katherine,Myers,kmyersln@cargocollective.com,China,228.163.247.209
781,Margaret,Williams,mwilliamslo@squarespace.com,Indonesia,60.226.243.31
782,Virginia,Wells,vwellslp@sciencedaily.com,Indonesia,177.133.226.37
783,Cheryl,Burton,cburtonlq@hugedomains.com,Uganda,7.118.228.236
784,Nancy,Hughes,nhugheslr@dell.com,Philippines,225.9.82.133
785,Jessica,Washington,jwashingtonls@altervista.org,Russia,251.122.4.140
786,Jerry,Carter,jcarterlt@marketwatch.com,Indonesia,15.38.159.69
787,Aaron,Harrison,aharrisonlu@google.de,Colombia,126.52.241.31
788,Wanda,Gray,wgraylv@home.pl,Honduras,37.76.98.164
789,Joshua,Willis,jwillislw@newsvine.com,Mexico,57.1.189.18
790,Nicholas,Alexander,nalexanderlx@ihg.com,Afghanistan,155.235.70.193
791,Jean,Chapman,jchapmanly@yahoo.co.jp,China,230.200.134.142
792,Emily,King,ekinglz@nba.com,Colombia,72.42.239.0
793,Larry,Day,ldaym0@mashable.com,Czech Republic,177.62.225.183
794,Cheryl,Richardson,crichardsonm1@whitehouse.gov,Philippines,183.69.128.60
795,Howard,Harris,hharrism2@upenn.edu,Sweden,121.83.205.22
796,Justin,Hill,jhillm3@slideshare.net,Mexico,69.157.112.168
797,Andrew,Rose,arosem4@wix.com,Poland,114.27.116.166
798,Diane,Mendoza,dmendozam5@youtube.com,China,106.52.94.164
799,Alice,Mills,amillsm6@symantec.com,France,56.167.33.132
800,Phillip,Garza,pgarzam7@sbwire.com,Argentina,167.185.251.7
801,Annie,Johnson,ajohnsonm8@icq.com,Greece,17.180.1.32
802,Andrea,Williams,awilliamsm9@edublogs.org,Nepal,240.169.232.47
803,Ralph,Grant,rgrantma@sakura.ne.jp,China,53.151.100.51
804,Carlos,Schmidt,cschmidtmb@hud.gov,Poland,95.74.249.209
805,Douglas,Watkins,dwatkinsmc@printfriendly.com,Armenia,250.44.105.99
806,Elizabeth,Cunningham,ecunninghammd@imdb.com,Israel,210.126.15.91
807,Raymond,Wells,rwellsme@earthlink.net,Ukraine,215.243.153.59
808,Lori,Banks,lbanksmf@yelp.com,Ukraine,208.142.163.193
809,Willie,Edwards,wedwardsmg@rambler.ru,China,213.46.195.223
810,Nancy,Baker,nbakermh@biblegateway.com,Panama,71.24.248.122
811,Richard,Stone,rstonemi@foxnews.com,Russia,185.216.19.81
812,Nancy,Gordon,ngordonmj@liveinternet.ru,Indonesia,154.204.78.241
813,Antonio,Bowman,abowmanmk@usnews.com,Indonesia,75.64.126.30
814,Gloria,Harvey,gharveyml@businessweek.com,United States,184.74.227.251
815,Joe,Bell,jbellmm@canalblog.com,Saint Lucia,10.7.177.55
816,Rose,Bennett,rbennettmn@google.pl,Slovenia,44.131.213.93
817,Katherine,Hunt,khuntmo@github.io,Sweden,121.125.175.64
818,Ronald,Hanson,rhansonmp@va.gov,Indonesia,149.30.246.48
819,Joe,Ferguson,jfergusonmq@japanpost.jp,Mexico,80.103.155.154
820,Brandon,Ross,brossmr@usda.gov,Portugal,51.66.110.18
821,Gary,Welch,gwelchms@newyorker.com,Ukraine,53.38.14.200
822,Richard,Harvey,rharveymt@webmd.com,Poland,127.36.191.202
823,Robert,Hughes,rhughesmu@timesonline.co.uk,Sierra Leone,174.139.104.80
824,Virginia,Washington,vwashingtonmv@ifeng.com,China,249.197.118.144
825,Judith,Reynolds,jreynoldsmw@blog.com,Philippines,187.127.146.132
826,Todd,Marshall,tmarshallmx@ovh.net,Indonesia,139.189.85.155
827,Norma,Brown,nbrownmy@blogtalkradio.com,Russia,132.205.191.6
828,Johnny,Perry,jperrymz@unc.edu,Poland,51.199.44.46
829,Timothy,Moreno,tmorenon0@elpais.com,Pakistan,148.214.147.115
830,Jennifer,Morris,jmorrisn1@cargocollective.com,Japan,97.225.87.133
831,Jean,Fisher,jfishern2@icq.com,China,197.111.12.167
832,Gerald,Little,glittlen3@opensource.org,France,139.253.184.115
833,Jason,Sanchez,jsanchezn4@istockphoto.com,Kyrgyzstan,79.55.197.71
834,Daniel,Wagner,dwagnern5@rambler.ru,China,33.210.31.199
835,Helen,Davis,hdavisn6@goo.gl,China,152.220.105.13
836,Mildred,West,mwestn7@cisco.com,Poland,88.94.95.6
837,Diane,Price,dpricen8@usa.gov,Colombia,204.105.157.125
838,Nancy,Daniels,ndanielsn9@hibu.com,China,109.94.98.57
839,Diane,Perez,dperezna@webeden.co.uk,Nicaragua,191.78.3.39
840,Amy,Bishop,abishopnb@wiley.com,China,37.107.136.38
841,Joyce,Smith,jsmithnc@ezinearticles.com,Indonesia,200.197.111.212
842,Kenneth,Bradley,kbradleynd@skype.com,Canada,237.149.103.225
843,Debra,Woods,dwoodsne@jimdo.com,China,31.110.71.83
844,Jennifer,Bishop,jbishopnf@topsy.com,Philippines,37.225.27.225
845,Shirley,Stevens,sstevensng@imdb.com,China,98.20.163.106
846,Chris,Simpson,csimpsonnh@clickbank.net,China,197.170.72.178
847,Kathy,Hanson,khansonni@behance.net,Russia,1.195.213.231
848,Gloria,Johnson,gjohnsonnj@sciencedaily.com,Indonesia,224.92.138.246
849,Arthur,Kennedy,akennedynk@home.pl,Mexico,34.104.28.239
850,Theresa,Gutierrez,tgutierreznl@sitemeter.com,Honduras,19.129.174.74
851,Virginia,Day,vdaynm@pcworld.com,Brazil,74.113.11.254
852,Gloria,Powell,gpowellnn@a8.net,China,220.167.93.125
853,Betty,Martinez,bmartinezno@examiner.com,Russia,19.20.148.62
854,Dorothy,Bishop,dbishopnp@nymag.com,Croatia,216.116.192.215
855,Benjamin,Moreno,bmorenonq@dyndns.org,Afghanistan,63.251.104.110
856,Julie,Ferguson,jfergusonnr@wp.com,Indonesia,118.65.8.1
857,Brandon,Chapman,bchapmanns@shareasale.com,Sweden,16.220.44.138
858,Anne,Gibson,agibsonnt@prweb.com,Bulgaria,103.35.239.74
859,Julia,Martinez,jmartineznu@npr.org,Norway,77.234.138.47
860,Mark,Garcia,mgarcianv@trellian.com,Poland,241.179.22.22
861,Judy,James,jjamesnw@wp.com,Poland,106.121.4.72
862,Steve,King,skingnx@rambler.ru,China,26.175.100.214
863,Jack,Rose,jroseny@economist.com,Japan,96.195.11.166
864,Norma,Bradley,nbradleynz@usnews.com,China,157.138.162.136
865,Martin,Ryan,mryano0@yahoo.com,Canada,169.73.198.107
866,Bonnie,Mills,bmillso1@vinaora.com,Portugal,221.45.69.92
867,Craig,Oliver,colivero2@dedecms.com,South Korea,200.49.50.137
868,Stephanie,Simpson,ssimpsono3@imgur.com,France,98.169.210.102
869,Billy,Banks,bbankso4@simplemachines.org,Indonesia,126.250.237.5
870,Debra,Bradley,dbradleyo5@xinhuanet.com,Poland,116.135.125.32
871,Russell,Hanson,rhansono6@indiatimes.com,Syria,20.1.253.167
872,Jerry,Snyder,jsnydero7@ucla.edu,Indonesia,226.114.7.68
873,Jonathan,Hill,jhillo8@webnode.com,Tanzania,60.186.50.8
874,Raymond,King,rkingo9@mozilla.org,China,151.218.44.158
875,Joshua,Lane,jlaneoa@unc.edu,China,235.214.215.204
876,Martha,Brooks,mbrooksob@flickr.com,United States,178.174.193.124
877,Samuel,Perry,sperryoc@plala.or.jp,Sweden,98.180.253.134
878,Kathy,Jenkins,kjenkinsod@psu.edu,China,105.81.62.48
879,Johnny,Berry,jberryoe@posterous.com,China,202.121.127.80
880,Catherine,Snyder,csnyderof@behance.net,Norway,69.216.128.134
881,Shawn,Knight,sknightog@miibeian.gov.cn,China,61.6.132.238
882,Sara,Hughes,shughesoh@mozilla.com,Indonesia,0.247.7.202
883,Mildred,Fernandez,mfernandezoi@sun.com,Portugal,31.160.251.31
884,Martin,Warren,mwarrenoj@dailymotion.com,Indonesia,242.204.134.237
885,Michelle,Adams,madamsok@squarespace.com,Eritrea,141.183.100.220
886,Annie,Allen,aallenol@yahoo.com,Japan,61.78.43.120
887,Scott,Pierce,spierceom@ft.com,China,73.162.130.132
888,Dorothy,Meyer,dmeyeron@imgur.com,Latvia,63.46.12.103
889,Alice,Berry,aberryoo@artisteer.com,Lebanon,231.200.213.200
890,Shawn,Owens,sowensop@google.com.br,Brazil,187.0.48.136
891,Lois,Jordan,ljordanoq@pagesperso-orange.fr,Poland,138.0.139.89
892,Alan,Matthews,amatthewsor@reuters.com,Philippines,105.168.198.231
893,Jeremy,Mcdonald,jmcdonaldos@harvard.edu,Indonesia,37.232.134.140
894,Kathryn,Perry,kperryot@eventbrite.com,Thailand,75.166.82.165
895,Alan,James,ajamesou@eepurl.com,Mali,196.55.219.210
896,Cynthia,Baker,cbakerov@gizmodo.com,China,116.145.153.210
897,Maria,Garrett,mgarrettow@spotify.com,China,205.113.108.174
898,Anna,Kennedy,akennedyox@fotki.com,Ivory Coast,129.179.46.253
899,Pamela,Burns,pburnsoy@marketwatch.com,Russia,90.121.222.204
900,Sandra,Lopez,slopezoz@nsw.gov.au,United States,99.177.187.122
901,Helen,Lee,hleep0@free.fr,Chile,29.15.51.54
902,Kelly,Murphy,kmurphyp1@wordpress.org,Botswana,199.219.182.211
903,Tina,Wood,twoodp2@blogtalkradio.com,Indonesia,48.64.186.86
904,Stephen,Fowler,sfowlerp3@canalblog.com,Colombia,97.161.195.119
905,Julie,Collins,jcollinsp4@nbcnews.com,Philippines,92.71.148.119
906,Gloria,Oliver,goliverp5@purevolume.com,Brazil,22.109.163.177
907,Andrea,Nguyen,anguyenp6@un.org,China,14.108.209.102
908,Barbara,Robinson,brobinsonp7@yellowpages.com,Hungary,250.184.15.24
909,Billy,Fuller,bfullerp8@quantcast.com,Sweden,197.196.105.162
910,Mary,Wright,mwrightp9@latimes.com,Sweden,131.94.105.176
911,Eugene,Hicks,ehickspa@privacy.gov.au,China,196.106.157.202
912,Mildred,Hunter,mhunterpb@artisteer.com,Japan,235.175.152.176
913,Wayne,White,wwhitepc@intel.com,Indonesia,191.85.90.10
914,George,Johnson,gjohnsonpd@google.de,Lesotho,204.247.50.8
915,Stephanie,Long,slongpe@auda.org.au,Argentina,68.97.161.119
916,Aaron,Stanley,astanleypf@blogspot.com,Ukraine,60.55.48.88
917,Justin,Frazier,jfrazierpg@freewebs.com,China,4.205.168.209
918,Albert,Roberts,arobertsph@ucla.edu,United States,126.251.151.159
919,Gloria,Ruiz,gruizpi@google.com.br,Indonesia,133.43.23.172
920,Jack,Fowler,jfowlerpj@nbcnews.com,Macedonia,189.114.94.28
921,Edward,Hunt,ehuntpk@google.es,Chile,254.96.112.137
922,Mark,Garcia,mgarciapl@blinklist.com,Philippines,43.32.244.42
923,Douglas,Sullivan,dsullivanpm@lycos.com,China,64.141.168.175
924,Rose,Carter,rcarterpn@mozilla.com,United States,224.118.88.34
925,Jean,Thompson,jthompsonpo@google.co.uk,Nicaragua,228.204.94.67
926,Shawn,Harris,sharrispp@businessweek.com,Guatemala,67.64.218.20
927,David,Fernandez,dfernandezpq@census.gov,Japan,19.245.178.25
928,Brenda,Ford,bfordpr@psu.edu,Czech Republic,106.157.139.90
929,Lisa,Campbell,lcampbellps@va.gov,Russia,151.11.178.223
930,Janet,Hanson,jhansonpt@mayoclinic.com,Portugal,130.250.154.166
931,Mildred,Williams,mwilliamspu@wunderground.com,Namibia,216.186.146.26
932,Kenneth,Phillips,kphillipspv@surveymonkey.com,China,124.9.238.6
933,Charles,Kennedy,ckennedypw@biglobe.ne.jp,China,238.130.78.149
934,Janet,Ellis,jellispx@apple.com,Czech Republic,226.198.59.87
935,Nancy,Holmes,nholmespy@omniture.com,Canada,59.213.19.14
936,Samuel,Gutierrez,sgutierrezpz@dailymail.co.uk,Poland,124.244.0.47
937,Charles,West,cwestq0@soundcloud.com,Sweden,111.203.210.32
938,Shawn,Simmons,ssimmonsq1@eepurl.com,China,10.215.199.5
939,Michelle,Lewis,mlewisq2@sohu.com,Poland,246.92.241.92
940,Philip,Webb,pwebbq3@dell.com,China,242.39.47.131
941,Roy,Ruiz,rruizq4@comsenz.com,Poland,248.242.241.250
942,Alan,Murphy,amurphyq5@craigslist.org,Cuba,51.228.225.62
943,Bruce,King,bkingq6@mail.ru,China,97.34.221.156
944,Jane,Daniels,jdanielsq7@squidoo.com,Portugal,170.135.62.17
945,Jesse,Harrison,jharrisonq8@digg.com,Honduras,183.140.243.62
946,Michelle,Parker,mparkerq9@hao123.com,Mongolia,64.67.138.175
947,Frank,Stevens,fstevensqa@soundcloud.com,Indonesia,71.50.18.38
948,Sarah,Barnes,sbarnesqb@skype.com,China,179.239.37.97
949,Timothy,Williamson,twilliamsonqc@dell.com,Indonesia,77.75.155.182
950,Lillian,Gardner,lgardnerqd@hao123.com,Indonesia,171.53.26.4
951,Joan,Johnston,jjohnstonqe@macromedia.com,Ukraine,130.76.131.33
952,Katherine,Rivera,kriveraqf@statcounter.com,China,15.56.88.13
953,Timothy,Woods,twoodsqg@constantcontact.com,China,202.102.117.92
954,Thomas,Miller,tmillerqh@ehow.com,Yemen,141.218.241.80
955,Gary,Ryan,gryanqi@wisc.edu,China,69.137.253.227
956,Dennis,Burns,dburnsqj@eventbrite.com,Palestinian Territory,35.124.113.254
957,Randy,Harris,rharrisqk@moonfruit.com,China,193.39.107.155
958,Betty,Garza,bgarzaql@umich.edu,China,116.124.31.38
959,Keith,Hill,khillqm@booking.com,Guatemala,209.90.129.81
960,Phyllis,Kelley,pkelleyqn@aol.com,United States,39.244.81.26
961,Pamela,Ray,prayqo@godaddy.com,Indonesia,169.160.52.20
962,Keith,Perry,kperryqp@t.co,South Korea,151.226.76.128
963,Ryan,Chapman,rchapmanqq@state.tx.us,Indonesia,233.147.162.188
964,Gregory,Harrison,gharrisonqr@wunderground.com,China,156.46.3.93
965,Betty,Ross,brossqs@sbwire.com,China,219.211.38.236
966,Harold,Alvarez,halvarezqt@cnn.com,Russia,42.19.141.144
967,Cheryl,Alexander,calexanderqu@parallels.com,Philippines,36.124.105.138
968,Karen,Fisher,kfisherqv@howstuffworks.com,Philippines,142.255.161.48
969,Larry,Moore,lmooreqw@bandcamp.com,Indonesia,148.185.101.251
970,Carl,Gray,cgrayqx@jugem.jp,Russia,200.243.18.8
971,Harold,Boyd,hboydqy@cam.ac.uk,Portugal,36.42.50.169
972,Lori,Brown,lbrownqz@salon.com,China,28.242.70.227
973,Albert,Jenkins,ajenkinsr0@oakley.com,Indonesia,71.163.218.156
974,Jonathan,Fernandez,jfernandezr1@slate.com,Finland,112.40.164.196
975,Marie,Jacobs,mjacobsr2@ftc.gov,China,134.131.127.53
976,Nicole,Reid,nreidr3@aol.com,Estonia,35.9.37.88
977,Betty,Carpenter,bcarpenterr4@youku.com,Russia,182.188.133.211
978,Helen,Hunter,hhunterr5@netscape.com,Indonesia,28.164.89.55
979,Ruby,Dunn,rdunnr6@jiathis.com,China,238.68.89.132
980,Samuel,Perkins,sperkinsr7@vinaora.com,Pakistan,219.80.150.218
981,Daniel,Hunter,dhunterr8@usatoday.com,Poland,39.26.27.9
982,Billy,Gray,bgrayr9@woothemes.com,China,205.34.153.82
983,Cheryl,Murphy,cmurphyra@narod.ru,Benin,224.76.201.44
984,Gary,Ryan,gryanrb@behance.net,Sweden,83.112.243.38
985,Steven,Brooks,sbrooksrc@a8.net,Indonesia,14.187.173.233
986,Carlos,James,cjamesrd@arizona.edu,Albania,165.195.58.26
987,Carolyn,Howell,chowellre@lycos.com,Argentina,105.198.163.161
988,Lisa,Holmes,lholmesrf@hexun.com,Serbia,160.173.65.155
989,Stephanie,Dixon,sdixonrg@livejournal.com,China,173.51.89.127
990,Dennis,Alvarez,dalvarezrh@hexun.com,China,191.79.121.92
991,Wayne,Gomez,wgomezri@usa.gov,Greece,81.197.12.180
992,Tina,Mcdonald,tmcdonaldrj@amazon.com,China,160.56.59.83
993,Nancy,Gardner,ngardnerrk@goo.ne.jp,Philippines,162.159.53.85
994,Brenda,Roberts,brobertsrl@chronoengine.com,China,63.157.38.48
995,Adam,Ruiz,aruizrm@weather.com,Austria,9.161.110.242
996,Victor,Kim,vkimrn@wisc.edu,Brazil,9.45.248.93
997,David,Wallace,dwallacero@usda.gov,Russia,144.85.148.164
998,Julie,Marshall,jmarshallrp@mit.edu,United States,200.132.119.140
999,Chris,Powell,cpowellrq@spiegel.de,Indonesia,57.103.188.217
1000,Ashley,Castillo,acastillorr@youtu.be,Mexico,201.112.69.178
